{"cameraMode":{"drawMode":0,"name":"Shaded","section":"Shading Mode"},"sceneLighting":true,"audioPlay":false,"sceneViewState":{"showFog":true,"showMaterialUpdate":true,"showSkybox":true,"showFlares":true,"showImageEffects":true,"showParticleSystems":true},"in2DMode":false,"pivot":{"x":458.4432373046875,"y":174.88560485839845,"z":113.60148620605469},"rotation":{"x":-0.09765269607305527,"y":-0.005376704037189484,"z":0.0005276320734992623,"w":-0.9952053427696228},"size":268.6005554199219,"orthographic":false}