{"cameraMode":{"drawMode":0,"name":"Shaded","section":"Shading Mode"},"sceneLighting":true,"audioPlay":false,"sceneViewState":{"showFog":true,"showMaterialUpdate":false,"showSkybox":true,"showFlares":true,"showImageEffects":true,"showParticleSystems":true},"in2DMode":false,"pivot":{"x":8.148333549499512,"y":9.681655883789063,"z":21.47706413269043},"rotation":{"x":-0.19903360307216645,"y":0.783553421497345,"z":-0.3127885162830353,"w":-0.4985917806625366},"size":15.243059158325196,"orthographic":false}