{"cameraMode":{"drawMode":0,"name":"Shaded","section":"Shading Mode"},"sceneLighting":true,"audioPlay":false,"sceneViewState":{"showFog":true,"showMaterialUpdate":false,"showSkybox":true,"showFlares":true,"showImageEffects":true,"showParticleSystems":true},"in2DMode":false,"pivot":{"x":0.3910806179046631,"y":0.15733730792999268,"z":-48.02297592163086},"rotation":{"x":-0.1742909699678421,"y":0.6614100933074951,"z":-0.16207540035247804,"w":-0.7112612128257752},"size":2.857893705368042,"orthographic":false}