{"cameraMode":{"drawMode":0,"name":"Shaded","section":"Shading Mode"},"sceneLighting":true,"audioPlay":false,"sceneViewState":{"showFog":true,"showMaterialUpdate":false,"showSkybox":false,"showFlares":true,"showImageEffects":true,"showParticleSystems":true},"in2DMode":false,"pivot":{"x":4.838901519775391,"y":-23.137285232543947,"z":46.31598663330078},"rotation":{"x":-0.23347191512584687,"y":-0.03587358817458153,"z":0.008620037697255612,"w":-0.9716644883155823},"size":78.2144775390625,"orthographic":false}