{"cameraMode":{"drawMode":0,"name":"Shaded","section":"Shading Mode"},"sceneLighting":true,"audioPlay":false,"sceneViewState":{"showFog":true,"showMaterialUpdate":false,"showSkybox":false,"showFlares":true,"showImageEffects":true,"showParticleSystems":true},"in2DMode":false,"pivot":{"x":-2.6988558769226076,"y":-1.2593340873718262,"z":39.73872375488281},"rotation":{"x":0.11166361719369888,"y":0.004471886903047562,"z":-0.0005025645950809121,"w":0.9937357902526856},"size":27.407611846923829,"orthographic":false}