{"cameraMode":{"drawMode":0,"name":"Shaded","section":"Shading Mode"},"sceneLighting":true,"audioPlay":false,"sceneViewState":{"showFog":true,"showMaterialUpdate":false,"showSkybox":false,"showFlares":true,"showImageEffects":true,"showParticleSystems":true},"in2DMode":false,"pivot":{"x":-0.41011619567871096,"y":-0.350305438041687,"z":40.51108169555664},"rotation":{"x":-0.20821167528629304,"y":0.4795553386211395,"z":-0.1182764396071434,"w":-0.8442097902297974},"size":165.4755859375,"orthographic":false}