{"cameraMode":{"drawMode":0,"name":"Shaded","section":"Shading Mode"},"sceneLighting":true,"audioPlay":false,"sceneViewState":{"showFog":true,"showMaterialUpdate":false,"showSkybox":false,"showFlares":true,"showImageEffects":true,"showParticleSystems":true},"in2DMode":false,"pivot":{"x":-0.43497002124786379,"y":-0.2952585220336914,"z":-2.2268364429473879},"rotation":{"x":-0.10976298898458481,"y":0.7348846793174744,"z":-0.12260247021913529,"w":-0.6579247713088989},"size":14.106500625610352,"orthographic":false}